{"base_files_url": "https://raw.githubusercontent.com/ajgowans/typeins/91957a2503f216148cdbb9525750c3de7c3424ef/", "db_id": "ajgowans/typeins", "db_url": "https://raw.githubusercontent.com/ajgowans/typeins/db/db.json.zip", "files": {"|games/Apple-II/Type-in Programs/Apple Voice (Kida Kazushige).dsk": {"hash": "9795e85e315946cc72ad7e006e97ae92", "size": 143360, "tags": [16, 17, 18, 19]}, "|games/Apple-II/Type-in Programs/Combat Fighter (Yasushi Souda).dsk": {"hash": "4df6f7b8c379e60d94371f1a2d8b427d", "size": 143360, "tags": [16, 17, 18, 19]}, "|games/Apple-II/Type-in Programs/Duel of Thunder Planet (Apple Bear).dsk": {"hash": "e77ad507008db05684048eb98aaa9c4a", "size": 143360, "tags": [16, 17, 18, 19]}, "|games/Apple-II/Type-in Programs/Graphic Maze (Kida Kazushige).dsk": {"hash": "188b71871027e928211d0b0f2d009a21", "size": 143360, "tags": [16, 17, 18, 19]}, "|games/Apple-II/Type-in Programs/Red Water.dsk": {"hash": "8b8abb9f31723fa16d9b9f8c3f41b5a1", "size": 143360, "tags": [16, 17, 18, 19]}, "|games/Apple-II/Type-in Programs/The Active Balls (Shinji Minamiyama).dsk": {"hash": "4ebd518a9d85f1eb5d3418a963018654", "size": 143360, "tags": [16, 17, 18, 19]}, "|games/Apple-II/Type-in Programs/The Octopus (Shinji Minamiyama).dsk": {"hash": "d782e21b69c83eaa87df5404c5bc6e68", "size": 143360, "tags": [16, 17, 18, 19]}, "|games/C64/Type-in Programs/Commodore MAX/GALAMIN (AMISOFT).tap": {"hash": "9a1337a70b6f6816aa45b3782485dfe0", "size": 109338, "tags": [16, 18, 19, 20]}, "|games/MSX1/Type-in Programs/Apple Runner (Kazuki Suzuki).dsk": {"hash": "188cf7af671d7b4f0cfb6ec13dde84d6", "size": 368640, "tags": [16, 18, 19, 21]}, "|games/MSX1/Type-in Programs/Mocky (Takehiko Sasoh).dsk": {"hash": "f21a6ab436d97b65b2cf35aebfd9df36", "size": 737280, "tags": [16, 18, 19, 21]}, "|games/MSX1/Type-in Programs/Rescue (HX-10D).dsk": {"hash": "4e98d06d3c2ce35f399fbe015e97e983", "size": 368640, "tags": [16, 18, 19, 21]}, "|games/NES/Type-in Programs/Bomb Panic (Kenji Hosimoto).nes": {"hash": "57e00cee5820c87c00b31044296bed01", "size": 40976, "tags": [0, 16, 18, 19]}, "|games/NES/Type-in Programs/Crab Carry the Flag (Kazuyuki Nishiyama).nes": {"hash": "3d0fa59fe0468375ca17dd0337990489", "size": 40976, "tags": [0, 16, 18, 19]}, "|games/NES/Type-in Programs/Dangerous PENPEN (Tomokazu Taniyama).nes": {"hash": "4623fae8bc039c2fe8ec9b88bf61e23c", "size": 40976, "tags": [0, 16, 18, 19]}, "|games/NES/Type-in Programs/Excalibur 2 - Get Even with Dragon [The Return of the Devil] (Norio Kitajima) (Hack + Translated En).nes": {"hash": "372a2f161d57f948efad0db9a10e4ecb", "size": 40976, "tags": [0, 16, 18, 19]}, "|games/NES/Type-in Programs/Fruit Panic (Kimura-kun).nes": {"hash": "7b00c63f0a836f6fab4ad2e16db33f0f", "size": 40976, "tags": [0, 16, 18, 19]}, "|games/NES/Type-in Programs/Mischievous Crow (AOBA).nes": {"hash": "4725255479bf7294d89efb899a1a5662", "size": 40976, "tags": [0, 16, 18, 19]}, "|games/NES/Type-in Programs/Star Dust (Hisanori Takeuchi).nes": {"hash": "591a826bc5e094bba60b0f8b2cca3058", "size": 40976, "tags": [0, 16, 18, 19]}, "|games/NES/Type-in Programs/Star Ship Go!! (Gokudon).nes": {"hash": "35addcf753b7c99d51442d3dc147d0c1", "size": 40976, "tags": [0, 16, 18, 19]}, "|games/NES/Type-in Programs/War Game (Junichi Kato).nes": {"hash": "e024a31cd0d1066602cc50f9f994fd60", "size": 40976, "tags": [0, 16, 18, 19]}, "|games/NES/Type-in Programs/War Game w BG2 (Junichi Kato).nes": {"hash": "7f3e2b4dd1624a4894329228eccdc101", "size": 40976, "tags": [0, 16, 18, 19]}, "|games/SharpMZ/Type-in Programs/Sharp MZ-700/Pitman (Yutaka Isokawa).mzt": {"hash": "0739b5fc4498679a18605a8a158c2790", "size": 10369, "tags": [16, 18, 19, 22]}, "|games/Sord M5/Type-in Programs/TOMATO LANDER (Uchida No Yassan).cas": {"hash": "8b8b696d19f78f6b50dc13a0cf528e05", "size": 52353, "tags": [16, 18, 19, 23]}, "|games/VIC20/Type-in Programs/New Puck Man.tap": {"hash": "d21358cc2f401a310cf2a9528946bcdf", "size": 184497, "tags": [16, 18, 19, 24]}}, "folders": {"|games": {"tags": [16]}, "|games/Apple-II": {"tags": [16, 17]}, "|games/Apple-II/Type-in Programs": {"tags": [16, 17, 19]}, "|games/C64": {"tags": [16, 20]}, "|games/C64/Type-in Programs": {"tags": [16, 19, 20]}, "|games/C64/Type-in Programs/Commodore MAX": {"tags": [16, 19, 20]}, "|games/MSX1": {"tags": [16, 21]}, "|games/MSX1/Type-in Programs": {"tags": [16, 19, 21]}, "|games/NES": {"tags": [0, 16]}, "|games/NES/Type-in Programs": {"tags": [0, 16, 19]}, "|games/SharpMZ": {"tags": [16, 22]}, "|games/SharpMZ/Type-in Programs": {"tags": [16, 19, 22]}, "|games/SharpMZ/Type-in Programs/Sharp MZ-700": {"tags": [16, 19, 22]}, "|games/Sord M5": {"tags": [16, 23]}, "|games/Sord M5/Type-in Programs": {"tags": [16, 19, 23]}, "|games/VIC20": {"tags": [16, 24]}, "|games/VIC20/Type-in Programs": {"tags": [16, 19, 24]}}, "tag_dictionary": {"appleii": 17, "c64": 20, "extrautilities": 19, "famicom": 0, "games": 16, "msx1": 21, "nes": 0, "nintendo": 0, "sharpmz": 22, "sordm5": 23, "typeinprograms": 18, "vic20": 24}, "timestamp": 1683716817}